,Continent,Combined_mass_avg_extant,Combined_mass_avg_extinct,diff_masses,ratio
0,AF,22185.410029498526,970038.4615384615,947853.051508963,43.72416197170407
1,AUS,16918.326819923368,188355.55555555556,171437.2287356322,11.133225972070962
2,Insular,7757.170889679718,81912.13103448275,74154.96014480303,10.559536743409913
3,NA,9968.118000000011,735076.1025641026,725107.9845641026,73.74271678606752
4,SA,3864.696333333327,973072.4025974026,969207.7062640692,251.784957644556
